Text,Created At,Cleaned Text
"@wideawake_media I did, and the answer is zero to each question, because we were too busy leading active lives and enthusiastic about learning;
ie:
NOT addicted to social media, vacuous ‘influencers’ or screen based gaming;
and NOT listening to media &amp; official claptrap about ‘mental health’.",2025-06-27 10:41:58+00:00,"wideawakemedia i did and the answer is zero to each question because we were too busy leading active lives and enthusiastic about learning
ie
not addicted to social media vacuous influencers or screen based gaming
and not listening to media amp official claptrap about mental health"
"Social media''s impact on mental health is a complex issue, with both positive and negative effects depending on individual usage patterns. https://t.co/D0ylF4UrI5",2025-06-27 10:39:04+00:00,social medias impact on mental health is a complex issue with both positive and negative effects depending on individual usage patterns
@Manutdfan2022 How many names do you have? Were you not called Donald or something previously? Making videos and going on social media won't help your mental health.,2025-06-27 10:21:13+00:00,manutdfan how many names do you have were you not called donald or something previously making videos and going on social media wont help your mental health
"There is so much to witness in the world today. Social media undoubtedly acts as a significant source of negativity, anxiety &amp; depression. It can be overwhelming to see everything out there. If you're earning a decent income, it's best to avoid trying to make money from SM....🤦",2025-06-27 10:19:23+00:00,there is so much to witness in the world today social media undoubtedly acts as a significant source of negativity anxiety amp depression it can be overwhelming to see everything out there if youre earning a decent income its best to avoid trying to make money from sm
"Death Stranding only after work. No exceptions. 

Mental health requirement!😮‍💨🤗

(A break from social media wouldn't hurt ) https://t.co/Izqc23cR41",2025-06-27 10:18:57+00:00,"death stranding only after work no exceptions 

mental health requirement

a break from social media wouldnt hurt"
"Some people get addicted to checking their Snapchat constantly, leading to a certain level of social media anxiety. https://t.co/ZzISQMHFtF",2025-06-27 10:11:59+00:00,some people get addicted to checking their snapchat constantly leading to a certain level of social media anxiety
"The constant stream of content on social media can be overwhelming, leading to information overload and potential feelings of anxiety or inadequacy. https://t.co/TEgu4kmp24",2025-06-27 10:08:02+00:00,the constant stream of content on social media can be overwhelming leading to information overload and potential feelings of anxiety or inadequacy
Social media can lead to anxiety and depression. Users must develop awareness and self-regulation to avoid getting overwhelmed by the online world. https://t.co/JkEKB9vUkR,2025-06-27 09:56:43+00:00,social media can lead to anxiety and depression users must develop awareness and selfregulation to avoid getting overwhelmed by the online world
"@Keir_Starmer I'd like to see our government try to figure out why there are so many mental health issues. Maybe look into chemicals put in food, social media, and the education system. Solve the problem, don't just put a plaster on it.",2025-06-27 09:46:36+00:00,keirstarmer id like to see our government try to figure out why there are so many mental health issues maybe look into chemicals put in food social media and the education system solve the problem dont just put a plaster on it
"@ariascreator The person is critiquing the pursuit of social media validation, like likes or reposts, arguing it undermines confidence and self-worth, favoring factual information over opinions. Research suggests validation-seeking can harm self-esteem and increase anxiety through social",2025-06-27 09:46:00+00:00,ariascreator the person is critiquing the pursuit of social media validation like likes or reposts arguing it undermines confidence and selfworth favoring factual information over opinions research suggests validationseeking can harm selfesteem and increase anxiety through social
@Namegoeshere474 @_celia_bedelia_ My take is they gave up social media for a while removed themselves from the bubble of affirmation woke up and realised the harm they had done to themselves when they were too young to know what they were doing and experiencing mental health issues.,2025-06-27 09:37:34+00:00,namegoeshere celiabedelia my take is they gave up social media for a while removed themselves from the bubble of affirmation woke up and realised the harm they had done to themselves when they were too young to know what they were doing and experiencing mental health issues
Legislation requiring social media sites to display warning labels to users is gaining traction in statehouses after courts blocked age-verification and parental consent laws. https://t.co/yOIeYCbX3t,2025-06-27 09:35:16+00:00,legislation requiring social media sites to display warning labels to users is gaining traction in statehouses after courts blocked ageverification and parental consent laws
"@Keir_Starmer Ban social media for kids under 14 first, you stupid fuck. Lower the workload of mental health workers by half. Improve outcomes. Show billionaires the finger.",2025-06-27 09:31:34+00:00,keirstarmer ban social media for kids under  first you stupid fuck lower the workload of mental health workers by half improve outcomes show billionaires the finger
"Social media fuels anxiety, depression, and self-doubt through endless comparison, curated facades, and dopamine overload. It distorts reality, erodes focus, and breeds negativity. Stop using it now—delete apps, ditch the phone https://t.co/4zWeNdBeld",2025-06-27 09:27:16+00:00,social media fuels anxiety depression and selfdoubt through endless comparison curated facades and dopamine overload it distorts reality erodes focus and breeds negativity stop using it nowdelete apps ditch the phone
"@David_Jamieson7 @AscendedYield Mental health problems are rising everywhere in the west (eg 18% of adults in 2009 to 30% in 2019 in US). The UK’s benefits system is more generous/kind/gullible/crooked than others maybe, but it’s happening everywhere. It coincides with social media use obvs",2025-06-27 09:24:24+00:00,davidjamieson ascendedyield mental health problems are rising everywhere in the west eg  of adults in  to  in  in us the uks benefits system is more generouskindgulliblecrooked than others maybe but its happening everywhere it coincides with social media use obvs
@TheBuckYouWill Financial anxiety outcomes on social media,2025-06-27 09:00:07+00:00,thebuckyouwill financial anxiety outcomes on social media
"Matt’s Viral “Broken Light Bulb” Speech: Men’s Mental Health &amp; America’s Decline

Join host Matt on the June 27, 2025, episode of Off Topic Show as he revisits a powerful viral video that captured 5 million views across YouTube and social media, perfectly timed for Men’s Mental https://t.co/iRA9Ry57rQ",2025-06-27 08:58:23+00:00,"matts viral broken light bulb speech mens mental health amp americas decline

join host matt on the june   episode of off topic show as he revisits a powerful viral video that captured  million views across youtube and social media perfectly timed for mens mental"
"@simoncase78 @Matt_Camenzuli Because working and paying taxes aren’t a major cause of the teenage mental health crisis. Google may not be either, but certainly social media is",2025-06-27 08:56:59+00:00,simoncase mattcamenzuli because working and paying taxes arent a major cause of the teenage mental health crisis google may not be either but certainly social media is
"@Grummz As I’m sure some have heard, the uk has on occasion been sending police around due to social media posts people make. I don’t think this is a good idea, but it occurred that perhaps instead of police, when things like this happen, if doctors/mental health professionals should",2025-06-27 08:54:44+00:00,grummz as im sure some have heard the uk has on occasion been sending police around due to social media posts people make i dont think this is a good idea but it occurred that perhaps instead of police when things like this happen if doctorsmental health professionals should
@SD73660 If you let Trump effect you to that extent you need mental health services.  Otherwise your oh so dramatic move in Ireland and desperate attempts to be relevant in America are for naughty.  Get off social media and go live your life you deranged freak.,2025-06-27 08:48:07+00:00,sd if you let trump effect you to that extent you need mental health services  otherwise your oh so dramatic move in ireland and desperate attempts to be relevant in america are for naughty  get off social media and go live your life you deranged freak
"Mental health can be affected by excessive social media use, leading to feelings of inadequacy, anxiety, and social comparison.",2025-06-27 08:43:18+00:00,mental health can be affected by excessive social media use leading to feelings of inadequacy anxiety and social comparison
@jakeshieldsajj If you have anxiety why are you broadcasting it on social media?,2025-06-27 08:41:14+00:00,jakeshieldsajj if you have anxiety why are you broadcasting it on social media
"She decided to write an article, a personal reflection on the impact of social media on mental health, sharing her experiences.",2025-06-27 08:40:22+00:00,she decided to write an article a personal reflection on the impact of social media on mental health sharing her experiences
"My team and I have been strong campaigners for Sound mental health  in our work places, family and society.  Join us today by sharing our post across all social media platforms. https://t.co/HCiFfjMuZW",2025-06-27 08:37:02+00:00,my team and i have been strong campaigners for sound mental health  in our work places family and society  join us today by sharing our post across all social media platforms
We are concerned about the impact of social media; we must address its impact on our mental health and personal relationships.,2025-06-27 08:15:05+00:00,we are concerned about the impact of social media we must address its impact on our mental health and personal relationships
"Facebook''s impact on mental health is a growing concern, with studies exploring potential links between social media use and well-being.",2025-06-27 08:10:11+00:00,facebooks impact on mental health is a growing concern with studies exploring potential links between social media use and wellbeing
"The primary subject of her research was the impact of social media on adolescent mental health, a topic requiring extensive investigation. https://t.co/twod3FLB5I",2025-06-27 07:59:01+00:00,the primary subject of her research was the impact of social media on adolescent mental health a topic requiring extensive investigation
"@Alteffour69 @AshIyne @ColSandersNZ @RadioGenoa You are exactly why Americans shouldnt be allowed social media accounts.

Obvious mental health issues and nowhere near enough brain cells rattling around your head to be trusted.

You are precisely why the stereotypes about your country exist.",2025-06-27 07:58:31+00:00,"alteffour ashiyne colsandersnz radiogenoa you are exactly why americans shouldnt be allowed social media accounts

obvious mental health issues and nowhere near enough brain cells rattling around your head to be trusted

you are precisely why the stereotypes about your country exist"
"@PalmerReport I suffer from anxiety and depression so I totally get it. I limited my social media after the election,but I completely cut out watching a news for several months. Now I only watch an hour or two a day.",2025-06-27 07:57:04+00:00,palmerreport i suffer from anxiety and depression so i totally get it i limited my social media after the electionbut i completely cut out watching a news for several months now i only watch an hour or two a day
"@WesternLensman @ChrisVanHollen 
The Truth was that the Left, Dems and Legacy Media Lied about Joe's mental health and capacity.

Stop gaslighting Americans.
Start at 4:50.
Sen. Chris Van Hollen says ""hindsight is 20/20"" about Hur's Biden interview https://t.co/xmVu5AxQUM via @@YahooNews",2025-06-27 07:54:28+00:00,"westernlensman chrisvanhollen 
the truth was that the left dems and legacy media lied about joes mental health and capacity

stop gaslighting americans
start at 
sen chris van hollen says hindsight is  about hurs biden interview  via yahoonews"
"🇯🇵 Japan executes “Twitter Killer” Takahiro Shiraishi for murdering 9 victims lured via social media.
Debate reignites over death penalty &amp; mental health in Japan.
#Japan #Justice #DeathPenalty #newsinpixel 🧠⚖️📱 https://t.co/O5FhOhWwF0",2025-06-27 07:53:53+00:00,"japan executes twitter killer takahiro shiraishi for murdering  victims lured via social media
debate reignites over death penalty amp mental health in japan
japan justice deathpenalty newsinpixel"
"I have social media anxiety, which is why am faceless,  2 phrases of insults can send me to ICU .",2025-06-27 07:53:45+00:00,i have social media anxiety which is why am faceless   phrases of insults can send me to icu
"@Bruticusrules @greyrabbitfinn @Ricois3 @DegenAnon6969 Maybe
Def tilt but who knows why

I have to take breaks from here regularly sometimes just a week or month a few times a year &amp; up to like 6m off: 
social media anxiety
&amp; why I don’t normally check DMs
It gets overwhelming/panic",2025-06-27 07:50:14+00:00,"bruticusrules greyrabbitfinn ricois degenanon maybe
def tilt but who knows why

i have to take breaks from here regularly sometimes just a week or month a few times a year amp up to like m off 
social media anxiety
amp why i dont normally check dms
it gets overwhelmingpanic"
@WitchyHibsCunt 100% but people on here will always try to be savage/edgy or whatever they want to call it to get a few likes without the caring about the posters mental health. Down side of social media,2025-06-27 07:43:54+00:00,witchyhibscunt  but people on here will always try to be savageedgy or whatever they want to call it to get a few likes without the caring about the posters mental health down side of social media
"Maybe this stems from comparison. If you keep comparing yourself with others, you won't see your own blessings o.
Also, 40 isn't old. If you want to start over, it is possible. Go back to sch if you want, switch careers.
Delete your social media. It may give emote anxiety https://t.co/VSAirfTos9",2025-06-27 07:32:47+00:00,"maybe this stems from comparison if you keep comparing yourself with others you wont see your own blessings o
also  isnt old if you want to start over it is possible go back to sch if you want switch careers
delete your social media it may give emote anxiety"
@Docstockk Covid and 2 years at home was responsible for the start of many YP journey to anxiety. Social media is another but the biggest - the complete breakdown of Mental health services 4-5 year wait for assessments and Camhs if they were diagnosed &amp; treated early it wouldn’t get to this,2025-06-27 07:04:36+00:00,docstockk covid and  years at home was responsible for the start of many yp journey to anxiety social media is another but the biggest  the complete breakdown of mental health services  year wait for assessments and camhs if they were diagnosed amp treated early it wouldnt get to this
"The impact of social media on mental health is a complex and ongoing discussion, with both positive and negative consequences being widely debated. https://t.co/a7nrzL5ZPy",2025-06-27 06:49:09+00:00,the impact of social media on mental health is a complex and ongoing discussion with both positive and negative consequences being widely debated
"The impact of social media on mental health is a complex topic, raising concerns about body image issues, cyberbullying, and the comparison game. https://t.co/9mFTDxdrxY",2025-06-27 06:35:13+00:00,the impact of social media on mental health is a complex topic raising concerns about body image issues cyberbullying and the comparison game
"Take this with you for the weekend, dudes

As mens mental health month comes to its lucrative social media end, men's mental health won't. For my dudes out there going through shit and facing their demons. We all deserve peace and a reason to get through the day. So, why not you? https://t.co/TNMfgZBYs8",2025-06-27 06:33:07+00:00,"take this with you for the weekend dudes

as mens mental health month comes to its lucrative social media end mens mental health wont for my dudes out there going through shit and facing their demons we all deserve peace and a reason to get through the day so why not you"
"Japan executed Takahiro Shiraishi, the ""Twitter killer,"" for murdering nine people he met online in 2017. 💻🔪 The gruesome case shocked the nation, triggered global headlines, and led to stricter social media policies on suicide content and mental health awareness. ⚖️📱🧠 https://t.co/wQjOP4Xzz4",2025-06-27 06:26:47+00:00,japan executed takahiro shiraishi the twitter killer for murdering nine people he met online in   the gruesome case shocked the nation triggered global headlines and led to stricter social media policies on suicide content and mental health awareness
4 years in Social Media Management and answering my dms gives me anxiety https://t.co/oThSEmKmHc,2025-06-27 06:24:52+00:00,years in social media management and answering my dms gives me anxiety
@creation247 Yes. Both Porn and Social Media rots young minds and creates a mental health epidemic.,2025-06-27 06:23:23+00:00,creation yes both porn and social media rots young minds and creates a mental health epidemic
"Have you noticed someone immoderately talking on their phone or social media? It might be more than just a habit. 
Research shows that excessive talking can be a sign of anxiety, as people use it as a way to cope. Studies support this link between talkativeness and mental health.",2025-06-27 06:15:05+00:00,"have you noticed someone immoderately talking on their phone or social media it might be more than just a habit 
research shows that excessive talking can be a sign of anxiety as people use it as a way to cope studies support this link between talkativeness and mental health"
"@Aashivibes @gatinarios It's fine to jokingly call a cat ""flexing"" in a fun social media post—it can make people feel closer to animals. Research shows anthropomorphism boosts empathy and mental health but risks misreading behaviors or harming welfare, like improper diets causing pet obesity. In this",2025-06-27 06:05:14+00:00,aashivibes gatinarios its fine to jokingly call a cat flexing in a fun social media postit can make people feel closer to animals research shows anthropomorphism boosts empathy and mental health but risks misreading behaviors or harming welfare like improper diets causing pet obesity in this
"‘Think of how an old post may be problematic, then delete it’: New US Visa rule fuels student anxiety over social media | Delhi News - The Indian Express https://t.co/zdlKJhir7F",2025-06-27 06:02:22+00:00,think of how an old post may be problematic then delete it new us visa rule fuels student anxiety over social media  delhi news  the indian express
"He submitted a well-researched article detailing the impact of social media on mental health.

#HealthyLifestyleInspiration https://t.co/zL1Uqo8H1T",2025-06-27 06:01:16+00:00,"he submitted a wellresearched article detailing the impact of social media on mental health

healthylifestyleinspiration"
"The addictive nature of social media can lead to excessive screen time, impacting mental health, sleep patterns, and real-life social interactions. https://t.co/rqicv0eYf3",2025-06-27 06:00:28+00:00,the addictive nature of social media can lead to excessive screen time impacting mental health sleep patterns and reallife social interactions
@iamaceofheart Social media detox due to lot of stress and anxiety 😔,2025-06-27 05:51:50+00:00,iamaceofheart social media detox due to lot of stress and anxiety
"@GMB Welfare reform. Yes provide support for young people with stress and anxiety but instead of throwing money as a reactive measure, need to address the cause, i.e. social media, be proactive especially for the younger generation coming through",2025-06-27 05:43:02+00:00,gmb welfare reform yes provide support for young people with stress and anxiety but instead of throwing money as a reactive measure need to address the cause ie social media be proactive especially for the younger generation coming through
"@yojaykay1 @TheDamiForeign @carterefe__ And how do you think he has money ? Money and fame are two different things. Some of these celebrities are also facing depression low-key . Im not saying his also facing depression o, but don’t let us use social media to think they are doing well.",2025-06-27 05:42:12+00:00,yojaykay thedamiforeign carterefe and how do you think he has money  money and fame are two different things some of these celebrities are also facing depression lowkey  im not saying his also facing depression o but dont let us use social media to think they are doing well
"The pressure to maintain a perfect online persona on social media can contribute to feelings of inadequacy, anxiety, and low self-esteem. https://t.co/L8tDl0QN0X",2025-06-27 05:39:09+00:00,the pressure to maintain a perfect online persona on social media can contribute to feelings of inadequacy anxiety and low selfesteem
"Excessive use of social media:

Dr. Suresh Adhikari . 
#swasthyapharmacy #shorts #shortsvideo #mentalhealth   #depression    #doctoradvice #mentalhealth #psychiatry     #nepalihealth  @swasthyapharmacy https://t.co/nkazrSaffR",2025-06-27 05:33:10+00:00,"excessive use of social media

dr suresh adhikari  
swasthyapharmacy shorts shortsvideo mentalhealth   depression    doctoradvice mentalhealth psychiatry     nepalihealth  swasthyapharmacy"
"@SlabsNRaw @ayeejuju Some women may share revealing images on social media seeking likes and validation, as platforms often reward such content with engagement. Research suggests 68% share to express identity, driven by societal focus on appearance. However, this can lead to depression due to",2025-06-27 05:31:12+00:00,slabsnraw ayeejuju some women may share revealing images on social media seeking likes and validation as platforms often reward such content with engagement research suggests  share to express identity driven by societal focus on appearance however this can lead to depression due to
"Honestly, I really should take a break from social media.

Every time I get on here it takes a toll on my mental health and I often feel like I’m losing myself. I need to do better. I need to work on myself. I need to rediscover my spark.",2025-06-27 05:30:17+00:00,"honestly i really should take a break from social media

every time i get on here it takes a toll on my mental health and i often feel like im losing myself i need to do better i need to work on myself i need to rediscover my spark"
"Cute Video ♥️ 
Have a Good Weekend
There’s so much going on
Right Now
Helps to Pace Oneself 
Disengage/Take Breaks
from Social Media 
Protect your Mental Health 
Post only when feels like I have something important to say 
Or when Prompted 
By Spirit ♥️  https://t.co/Ig4NZS308a",2025-06-27 05:27:04+00:00,"cute video  
have a good weekend
theres so much going on
right now
helps to pace oneself 
disengagetake breaks
from social media 
protect your mental health 
post only when feels like i have something important to say 
or when prompted 
by spirit"
@LiQihao1688 @GiveRep How does GiveRep's real-time blockchain platform for monitoring social media campaigns for mental health awareness maximize support networks? @GiveRep,2025-06-27 05:26:08+00:00,liqihao giverep how does givereps realtime blockchain platform for monitoring social media campaigns for mental health awareness maximize support networks giverep
"Social media creates new challenges for mental health, so it''s essential to regulate our use and be mindful of our online consumption for well-being. https://t.co/603guTXi01",2025-06-27 05:25:31+00:00,social media creates new challenges for mental health so its essential to regulate our use and be mindful of our online consumption for wellbeing
"Social media can be a source of both positive and negative influences, impacting self-esteem, body image, and overall mental health for its users. https://t.co/AHE12BZwGs",2025-06-27 05:15:54+00:00,social media can be a source of both positive and negative influences impacting selfesteem body image and overall mental health for its users
Comparison is the thief of joy... and social media is the culprit! https://t.co/gvmb8u7jLO,2025-06-27 05:11:46+00:00,comparison is the thief of joy and social media is the culprit
"Who remembers this bullshit?

Dude started some anti bullying campaign with a bunch of losers seeking clout thinking it would boost them on social media. (Woke times)

Say what you want about me, I am who I am, but my actions never drove anyone to have a mental health crisis. https://t.co/0MohZQlwyI https://t.co/i7u1pJpkt9",2025-06-27 05:02:56+00:00,"who remembers this bullshit

dude started some anti bullying campaign with a bunch of losers seeking clout thinking it would boost them on social media woke times

say what you want about me i am who i am but my actions never drove anyone to have a mental health crisis"
"The constant stream of negative criticism on social media made her withdraw, damaging her mental health and sense of self-worth.

#InnovativeThinking https://t.co/xCZLjvLN0f",2025-06-27 04:49:46+00:00,"the constant stream of negative criticism on social media made her withdraw damaging her mental health and sense of selfworth

innovativethinking"
Is Social Media Actually HURTING Your Mental Health? https://t.co/u2ZKvwG4g5 via @YouTube,2025-06-27 04:28:45+00:00,is social media actually hurting your mental health  via youtube
"@KatieCorkern This is CRAZY, considering all the moms in social media mom groups in St. Tammany desperately looking to find mental health care for their children and reporting 6-12 month+ wait times from all of the orgs out here to even get an initial consultation!",2025-06-27 04:26:47+00:00,katiecorkern this is crazy considering all the moms in social media mom groups in st tammany desperately looking to find mental health care for their children and reporting  month wait times from all of the orgs out here to even get an initial consultation
"Hello! This is Rai. (previously known as ""Tori""/""ferris"")

I want to keep this brief. I've made the choice to step away from the social media platform - My mental health has declined and I want to try my best to fix it. Social media for me, personally, has honestly made me more-",2025-06-27 04:17:19+00:00,"hello this is rai previously known as toriferris

i want to keep this brief ive made the choice to step away from the social media platform  my mental health has declined and i want to try my best to fix it social media for me personally has honestly made me more"
"This article explores the psychological effects of social media on teenagers, raising important questions about mental health and well-being.",2025-06-27 04:10:19+00:00,this article explores the psychological effects of social media on teenagers raising important questions about mental health and wellbeing
@JonnyBones Bones take a bit time off social media. It’s no good for your mental health Champ.  It do you good.,2025-06-27 04:09:51+00:00,jonnybones bones take a bit time off social media its no good for your mental health champ  it do you good
"Scottish COVID-19 inquiry|1 year on|Health and Social Care Impact Hearing Closing Statements|27 Jun 2024..🏴󠁧󠁢󠁳󠁣󠁴󠁿
🎥video creator @biologyphenom

There are still no mainstream or 'alternative' media articles of this shocking evidence. 🗞️ 

▪️Adverse physical and mental impacts of https://t.co/y5Iqam9cjA",2025-06-27 04:07:16+00:00,"scottish covid inquiry year onhealth and social care impact hearing closing statements jun 
video creator biologyphenom

there are still no mainstream or alternative media articles of this shocking evidence  

adverse physical and mental impacts of"
🇮🇳  US Visa Rule Raises Student Anxiety Over Social Media Use #mostliked #india https://t.co/sAGmDQk9kr,2025-06-27 04:02:47+00:00,us visa rule raises student anxiety over social media use mostliked india
"Because they never cared about men's mental health, they just said it on social media for kudos.",2025-06-27 03:53:59+00:00,because they never cared about mens mental health they just said it on social media for kudos
"@GovCox Are you stupid? AI is a tool, its not a person. Teens need to navigate mental health without tech.....not putting more in their face. Its already proven numerous times that social media and tech in general are the leading cause of the mental health crisis.",2025-06-27 03:50:29+00:00,govcox are you stupid ai is a tool its not a person teens need to navigate mental health without technot putting more in their face its already proven numerous times that social media and tech in general are the leading cause of the mental health crisis
"The academic article meticulously examined the impact of social media on adolescent mental health, citing relevant research studies.

#BusinessLeadersOfTomorrow https://t.co/k5iHYKQ7lx",2025-06-27 03:50:28+00:00,"the academic article meticulously examined the impact of social media on adolescent mental health citing relevant research studies

businessleadersoftomorrow"
"Facebook''s impact on mental health is under continuous study, examining the effects of social comparison, social media addiction, and cyberbullying. https://t.co/uynBYUcEPo",2025-06-27 03:49:29+00:00,facebooks impact on mental health is under continuous study examining the effects of social comparison social media addiction and cyberbullying
"Instagram: Living my best life
Bank account: $47.82

LinkedIn: Thought leader
Reality: Anxiety leader

Social media vs reality gap is real.",2025-06-27 03:43:27+00:00,"instagram living my best life
bank account 

linkedin thought leader
reality anxiety leader

social media vs reality gap is real"
"@TheOnlyDSC Social Media has caused women to develop Histrionic Personality Disorder (HPD) it's a mental health condition marked by unstable emotions, a distorted self-image, grandiose &amp; a desire to be noticed. People with (HPD) often act dramatically or inappropriately to get attention. https://t.co/Vd3nXLG5kr",2025-06-27 03:42:35+00:00,theonlydsc social media has caused women to develop histrionic personality disorder hpd its a mental health condition marked by unstable emotions a distorted selfimage grandiose amp a desire to be noticed people with hpd often act dramatically or inappropriately to get attention
"@GiveRep The impact of social media on mental health is a growing concern, with many studies linking excessive use to anxiety and depression.",2025-06-27 03:37:12+00:00,giverep the impact of social media on mental health is a growing concern with many studies linking excessive use to anxiety and depression
"‘Think of how an old post may be problematic, then delete it’: New US Visa rule fuels student anxiety over social media https://t.co/1ezM3AyBEl",2025-06-27 03:23:25+00:00,think of how an old post may be problematic then delete it new us visa rule fuels student anxiety over social media
"@CryptoSnJ @iamgingertrash The post you mentioned raises concerns about social media algorithms driving addiction and mental health issues, particularly in those with lower cognitive resilience, by promoting fear-inducing short-form content. Research supports that algorithms can increase anxiety and",2025-06-27 03:12:00+00:00,cryptosnj iamgingertrash the post you mentioned raises concerns about social media algorithms driving addiction and mental health issues particularly in those with lower cognitive resilience by promoting fearinducing shortform content research supports that algorithms can increase anxiety and
"The essay explored the impact of social media on adolescent mental health, citing recent studies and expert opinions.",2025-06-27 02:56:22+00:00,the essay explored the impact of social media on adolescent mental health citing recent studies and expert opinions
"@DaisyIsNotHere Social media is not good for mental health.

Especially when you are being personally open &amp; honest about a contentious social issue. You become an avatar for others to latch onto.

Hope you feel better!",2025-06-27 02:53:30+00:00,"daisyisnothere social media is not good for mental health

especially when you are being personally open amp honest about a contentious social issue you become an avatar for others to latch onto

hope you feel better"
"@Misternamehaver @trump_repost Adults may vent on social media to bypass perceived media bias, connect directly with supporters, or reinforce their brand. However, such outbursts can spread misinformation, deepen polarization, and hinder constructive dialogue, potentially harming mental health. Healthier ways",2025-06-27 02:47:59+00:00,misternamehaver trumprepost adults may vent on social media to bypass perceived media bias connect directly with supporters or reinforce their brand however such outbursts can spread misinformation deepen polarization and hinder constructive dialogue potentially harming mental health healthier ways
"@SoulHuntriX @BrawlStars Lol the reality is this is the new norm for kids. They normalized this stuff and now a good portion of their generation is confused and all think they're bi or on the spectrum. Social media and progressiveness has made being different or mental health issues ""cool'",2025-06-27 02:37:39+00:00,soulhuntrix brawlstars lol the reality is this is the new norm for kids they normalized this stuff and now a good portion of their generation is confused and all think theyre bi or on the spectrum social media and progressiveness has made being different or mental health issues cool
"VC: social media, drug abuse damaging students’ mental health https://t.co/csyTqV5scy",2025-06-27 02:22:15+00:00,vc social media drug abuse damaging students mental health
"The constant stream of content on Facebook can be addictive, and studies explore the link between social media use and mental health to combat issues.",2025-06-27 02:17:44+00:00,the constant stream of content on facebook can be addictive and studies explore the link between social media use and mental health to combat issues
"Her major research project explored the effects of social media on adolescent mental health, aiming to provide valuable insight and help.

#LifeInspiration",2025-06-27 02:12:59+00:00,"her major research project explored the effects of social media on adolescent mental health aiming to provide valuable insight and help

lifeinspiration"
"The constant connectivity offered by social media can contribute to feelings of anxiety, stress, and inadequacy, particularly among young people. https://t.co/ezdlXgxvED",2025-06-27 02:09:27+00:00,the constant connectivity offered by social media can contribute to feelings of anxiety stress and inadequacy particularly among young people
"Film yourself saying “Hello” to someone you care about.
Share why youth mental health matters to you.
Tag 3 friends.
Let’s flood social media with HOPE.
Use #SayHelloToHope and tag @hellofund_org.
💙 Donate at https://t.co/cu7y4H72BF
🎬 Let’s make mental health visible. https://t.co/ec6PVSM2e2",2025-06-27 02:05:16+00:00,"film yourself saying hello to someone you care about
share why youth mental health matters to you
tag  friends
lets flood social media with hope
use sayhellotohope and tag hellofundorg
 donate at 
 lets make mental health visible"
"@Artistreccs As a person with social anxiety, I have always found comfort in drawing! Drawing is my personal outlet, a space where I can be safe and happy.  As I grew older and discovered social media, I realized that art is also a way to connect with others! It always warms my heart to see",2025-06-27 01:52:15+00:00,artistreccs as a person with social anxiety i have always found comfort in drawing drawing is my personal outlet a space where i can be safe and happy  as i grew older and discovered social media i realized that art is also a way to connect with others it always warms my heart to see
"Social media can affect mental health, so it�s important for users to be mindful of their usage and online interactions to maintain balance.",2025-06-27 01:51:16+00:00,social media can affect mental health so its important for users to be mindful of their usage and online interactions to maintain balance
"@BTC_Liberty @KMan50000 @Breaking911 Cringe take. Never needed that, absolute fantasy and low IQ take to over stimulate kids minds. You should do some research on how much depression and anxiety these social media sites and ‘news stations’ bring to kids 

-far right",2025-06-27 01:40:58+00:00,"btcliberty kman breaking cringe take never needed that absolute fantasy and low iq take to over stimulate kids minds you should do some research on how much depression and anxiety these social media sites and news stations bring to kids 

far right"
"If you consume more social media than the Word of God and Prayer then you should expected to be stressed, have heightened anxiety, and be deeply depressed. 

Disconnect from 📱
Connect to the ✝️",2025-06-27 01:36:42+00:00,"if you consume more social media than the word of god and prayer then you should expected to be stressed have heightened anxiety and be deeply depressed 

disconnect from 
connect to the"
"The impact of social media on mental health is a complex topic, sparking ongoing debates about its potential benefits and negative consequences.",2025-06-27 01:30:07+00:00,the impact of social media on mental health is a complex topic sparking ongoing debates about its potential benefits and negative consequences
Idk I just think its backwards when people on social media preach mental health awareness and acceptance but don't have any emotional intelligence.,2025-06-27 01:18:27+00:00,idk i just think its backwards when people on social media preach mental health awareness and acceptance but dont have any emotional intelligence
"thinking about how so much negativity festers online. it can often bring out our worst qualities, and being exposed to that on blast is not good for my mental health 

maybe it’s time to reduce how much i’m on social media ?",2025-06-27 01:09:32+00:00,"thinking about how so much negativity festers online it can often bring out our worst qualities and being exposed to that on blast is not good for my mental health 

maybe its time to reduce how much im on social media"
@CartlandDavid I suggest you get off of social media and speak with your mental health provider. Stat.,2025-06-27 01:01:53+00:00,cartlanddavid i suggest you get off of social media and speak with your mental health provider stat
"She decided to write an essay about the impact of social media on mental health, researching credible sources and relevant statistics.

#WomenEmpoweringWomen https://t.co/XEAztHLbu3",2025-06-27 00:57:22+00:00,"she decided to write an essay about the impact of social media on mental health researching credible sources and relevant statistics

womenempoweringwomen"
"@SinisFur_Crafts That also comes with being disabled and having mental health issues. I’m immature in some ways, but sadly yours goes everywhere including on your social media and ties into drama. :( some people just don’t wanna be associated with someone who can’t control themselves",2025-06-27 00:50:13+00:00,sinisfurcrafts that also comes with being disabled and having mental health issues im immature in some ways but sadly yours goes everywhere including on your social media and ties into drama  some people just dont wanna be associated with someone who cant control themselves
"Social media can create a sense of FOMO (fear of missing out), leading to anxiety and a constant need to stay connected to avoid feeling excluded.",2025-06-27 00:24:32+00:00,social media can create a sense of fomo fear of missing out leading to anxiety and a constant need to stay connected to avoid feeling excluded
Imma take two days off social media for my mental health..I’ll see u guys on Saturday love ya stay safe and drink water dummies 🤍,2025-06-27 00:24:22+00:00,imma take two days off social media for my mental healthill see u guys on saturday love ya stay safe and drink water dummies
"@ewarren when are you taking her paycheck

Geezus she is mental health nightmare

liz outdated psycho who isn't taking pysch meds
unhinged rampades on social media 24/7 that NO one watches",2025-06-27 00:10:21+00:00,"ewarren when are you taking her paycheck

geezus she is mental health nightmare

liz outdated psycho who isnt taking pysch meds
unhinged rampades on social media  that no one watches"
"@LangmanVince She needs a mental health break from social media &amp; podcasts.  She should sit back, relax &amp; enjoy her family so she can put things into perspective because she's spiraling right now.",2025-06-27 00:09:02+00:00,langmanvince she needs a mental health break from social media amp podcasts  she should sit back relax amp enjoy her family so she can put things into perspective because shes spiraling right now
