Text,Sentiment
@ysuckme Bold wisdom from a social media guru: Life's too short to sweat the small stuff. Transform anxiety into action and watch your potential skyrocket like an entrepreneurial rocket ship.,Positive
DONT TEXT ME I GET SOCIAL MEDIA ANXIETY,Negative
"@ashleyann_atx I'm trying to SEVERELY limit my time on here, because I've realized that spending hours here each day is bad for my mental health, but I don't see myself ever going away entirely. Right now, I can't be bothered to set up an account elsewhere. Better for me to limit social media.",Negative
"@HeeralalNigam The Excessive use of social media can lead to sleep deprivation, which affects mental and physical health...✍️💐",Negative
"@AOCpressTwo @elonmusk This loser doesn’t allow comments on any of her social media platforms. She only except wokeness on there because they agree with her. Her platform is filled with vagina hat wearing women, mental health , drug users, and  Karen’s . Stop lying to the people!",Negative
Australian governments intend to ban social media for children under 14 but critics say this won't work because they could access more risky websites. Some mental health experts argue that children would be prevented from reaching the mental health help sources by this measure.,Negative
I’ve decided to take a break from mental health to focus on social media.,Neutral
I hate sharing war news kasi i dont want to trigger my anxiety further by making it part of my social media but this one is big and scary. It could trigger a nuclear war. I've been scared since 2022 whether its this war or the other conflicts. Lets all pray for peace to prevail. https://t.co/IhPT17nlZj,Negative
"@MisterYoso0308 @mustardsauuuce the thing is wala kaseng expectation sa mga yan dahil hindi naman sila pa righteous sa social media. It’s Nadine being vocal on her social advocacies such as mental health awareness, youth empowerment and many more. It’s Nadine now being inconsistent with her values.",Negative
"- 40% identify as non-binary or gender-fluid
- 30% have a chronic health condition or disability
- 25% have taken a break from social media due to mental health concerns

Keep in mind that these are generalizations, and individual experiences may vary widely. I finally know https://t.co/QFDAH1Flck",Neutral
"Ek se..

While social media provides a platform for creativity and connection, it also comes with significant risks to mental health challenges that sometimes lead to poor decisions, in pursuit of attention or validation..",Negative
"@coleisepic Social media is so terrible for the mental health of so many people like this person should not be on it, it is not good for them.",Negative
"I’m taking a social media break for my mental health.

If you need to reach out me, I’ll be active here on Discord @ResoluteMaverik",Neutral
"I’m taking a social media break for my mental health.

If you need to reach out me, I’ll be active here on Discord @ResoluteMaverik",Neutral
"Thinking about quitting social media? There may be another option, B.C. researcher says. Strategies for mitigating the negative mental health effects of social media tend to focus on reducing time spent scrolling, way to limit the harm without logging off. https://t.co/MFVkL80vIR",Neutral
"@theenfared @oyster_doctor Social media is not a human right, if you have problems with mental health and social media, then you shouldn’t be on it.",Negative
"sorry for not posting a little more regularly. After the election, I kinda needed a social media break. the world is in a state of deep depression. I wish I could shield everyone from the negativity, but that's just not humanly possible.. all we can do is shield ourselves. 🫥",Negative
"@IsabellaJacobIJ There’s quite a few elements involved in including some are prescription drugs, fluoride in water, poor diets due to ultra processed foods, and studies show too much social media also can effect mental health",Negative
The Social Dilemma really opened my eyes to how social media impacts mental health and society. The instant gratification aspect is something I hadn’t fully considered before. #UCWCOMM102 @WahibaChair https://t.co/Zv8D3zIGAk,Neutral
@WahibaChair @netflix The Social Dilemma really opened my eyes to how social media impacts mental health and society. The instant gratification aspect is something I hadn’t fully considered before. #UCWCOMM102 @WahibaChair,Neutral
"@PeterDutton_MP People are rightly concerned about their privacy. 

You are talking about banning under 16s from social media for their mental health, yet still allowing them to access hard core porn. 

The only way it makes sense is if you want to digitally ID everyone and police their posts.",Negative
Huge rise in anxiety with advent of social media https://t.co/zfaD5blicF https://t.co/Jft9A4PI25,Negative
@PeterDutton_MP Both are harmful and take agency away from citizens and their own children. You can do education sessions at school on how to turn delete your social media if it’s affecting your mental health. This bill and the missing one is not about kids’ health,Negative
"🚨 Hot Topic Alert! 🚨 A heated debate is igniting on Chinese social media about the impact of social media on youth mental health. 🤔 Some argue it fosters connection and self-expression, while others warn of anxiety and self-esteem issues. How can we strike a balance?",Neutral
"Recent social media activity has highlighted a mix of cultural expressions and technological influences on mental health. Posts on platforms like X showcase users engaging in artistic expressions, discussing themes of loneliness, and reacting to cryptocurrency developments.… https://t.co/rifETU1Xd7",Positive
Yall ready to talk about what social media addiction and app hopping has done to your mental health or we gonna hop and skip around that to judge other ppls vices and habits?,Negative
"@sephie_stay04 He doesn't have the personality to handle being a public figure, and social media only makes things worse for him. He needs to leave the industry and permanently get off social media. He also needs serious inpatient mental health care.",Negative
@_willcompton Mental health thriving again in the social media!,Positive
@ethxhope you young people today are dark and weird. is it depression and social media anxiety?,Negative
Social media is not a real place. The kind of shitty advice that has led enough men to depression &amp; eventually suicide. Very important to know how to separate the wheat from the chaff in these streets. https://t.co/nT4oRTGAXH,Negative
@Lightning_Bliss Just need a moment to cope I didn’t mean to worry I’m taking a break on social media this week if you meet me in real life I’m socially awkward person but is no excuse what I did mental health yes I’ll be in blue sky for advice or recommendations 😔,Neutral
"@PopulismUpdates I always thought people being locked down in their homes and induced agoraphobia and social anxiety through mass media terrorism would be a boon to hardcore right-wing ideologies on the long-term. Other than the more obvious factors, there is also PTSD. People want revenge.",Negative
social media lowkey sucks sometimes for mental health bc why am i stressed over losing 5 followers on tik tok,Negative
"@PeterDutton_MP Parents that are concerned about social media’s impact on kids’ mental health &amp; development, Do not allow their children on social media. I repeat, WE DO NOT ALLOW OUR CHILDREN ON SOCIAL MEDIA. Focus on cleaning your own house before you try &amp; tell me how to manage mine. 
We are… https://t.co/O41KBT38PT",Negative
"going to be taking a break from social media, recently been having panic attacks and ive been struggling with my mental health, be back soon",Negative
"Kids under 16 don’t need social media, don’t need to have phones in school . They have library, teachers, school office. @elonmusk , it’s a hidden epidemic &amp; so many physical &amp; mental health reasons. Lockdown , social media is also loneliness epidemic . @GBNEWS @GMB @MindCharity",Negative
@lilahj26 DDG is trying to break Halle does anybody see it?? He’s playing innocent but he’s not he’s around girls confessing he likes them recording it and post it on social media. Men are evil asf y’all just broke up he trying make HALLE suffer and go in depression F you DDG I see you smh,Negative
"What's the impact of toxic social media on you?

1) Social media can amplify negativity and toxicity.
 2) Toxic behavior harms mental health and well-being.
3) Cyberbullying and online harassment are serious issues.
4) Limit exposure to toxic individuals and content.
5) Practice… https://t.co/8q5sUppiqt",Negative
"Social media can put our privacy and personal data at risk. Cyberbullying is especially dangerous for teenagers because receiving or seeing negative content can affect their mental health, leading to comparisons and low self-esteem.",Negative
"Social media lately has worsened my depression. So if I’m not here as much,  now you know.",Negative
"I just need to log off this shit site forever, social media and the news just inflates my anxiety.",Negative
"**Title: The Misplaced Blame on Social Media: A Call for Mental Health Awareness**

In recent years, social media has often been thrust into the spotlight as the scapegoat for numerous societal ills, including instances where individuals have committed acts of violence or… https://t.co/wu06Q8eizf",Negative
can folks suggest some mobile games that arent too a/d-heavy?? scrolling social media is actually ruining my mental health atm,Negative
"@AleximusPrime I thought the sabbath is actually saturday? XD

work mostly. but in general I want weekends to be for me and my rest for physical/mental health.
it might include less social media, but that also depends on how I feel lol.",Neutral
"@CTVNews If you’re thinking about quitting social media, you absolutely do it. The likelihood that your mental health will see a significant increase is way more meaningful than whatever small amount of social interaction you’ll lose.",Positive
"@TraverseFore I’m including some professionals. We do encounter people working in mental health who are very good at listening and understanding, even when the meter is not running e.g. here on social media , because that is just who they are. And some of the public are also very good at this.",Positive
@libsoftiktok The ridiculousness of these clowns with their delusional mentality crying on social media over utter nonsense just underscores the seriousness of the mental health crisis in the US…get over yourself and get help. You seriously need it!!,Negative
"@PeterDutton_MP All Australian schools need to have a anti- bullying program &amp; harsh consequences for bullies. They also need mental health workers on site. 

So many kids are struggling atm.

Banning them from social media will not change things for the victims. 

You need to stop it at the… https://t.co/gUYn3TGGhF",Negative
"Social media break. Taking care of my mental health, since its going downhill. Sad that i have not really anybody with i can talk about everything thats going on in my head. Good night.",Negative
"Mental clarity and physical health can get complicated with all of the conflicting opinions of social media ‘influencers’

Really, it’s simple.

Here’s 11 uncomplicated steps you can immediately apply to your life to be healthier and happier ↓ https://t.co/ddTK7ky39s",Neutral
"@bootleg_gene are you saying that people with mental health issues are not supposed to be on social media?
Taking away a human right from a person for being online because they have anxiety around people? .Cold hearted bootleg wordsmith. https://t.co/kOYy8wOxir",Negative
"@ssefmun social media detox, doing some hobbies, or exercising. i will do anything to avoid myself from spiraling. plus, affirmation! please remember that it's okay to walk slowly. don't blame yourself, okay? if the anxiety doesn't get any better, do seek professional help. semangat!",Neutral
"@GabeGwoolley @DailyCaller There is a real mental health crisis is this nation.  It plays out daily on social media.  And it bleeds more and more into ‘real life’ every day. 
It needs to be addressed. Quickly",Negative
@PeppersShack @libsoftiktok Stay off social media. It’s going to suck you in to depression and pain. I hope your husband gets better. https://t.co/7uGB35xx3C,Negative
"I want to spread awareness on many different fronts, such as mental health, social media abuse, religion, and coming together as one people.",Neutral
"@PeterDutton_MP PM's claim that social media is harming teenagers, a recent meta-analysis of social medias impact on adolescents showed that most reviews interpreted the associations between social media use &amp; mental health as 'weak'  'inconsistent

 thhttps://pubmed.ncbi.nlm.nih.gov/34563980/",Negative
@GayRepublicSwag That’s your own intuition telling you that supporting Trump was the wrong decision. You’re having anxiety about what is to come. Best thing you can do is get off social media and focus on other things besides politics.,Negative
"@VampireGhuleh Take as much time as you need. Your physical and mental health is much more important than X or other social media. Hang out with some calm friends or family. Get caught up on your reading. Do whatever you need to in order to feel right. Like I said, we'll be here if or when you… https://t.co/2zOTHHwGJf",Neutral
#DLMBL election stuff… it’s just so draining. I really should’ve deleted all social media for the months leading up to the election for my mental health,Negative
"@PeterDutton_MP This is a poor call on your part! My children use social media to stay in contact with family and friends far away from us, they enjoy this time with grandparents and other family.  My son used social media to help a friend with depression and meet other people in the real world.",Neutral
"1-turn off the social media when u feel it effects u negatively..
2-listen to broadcasts that improve ur mental health and life 
3-have balanced diet and get enough sleep
4-use the technique of minimalism: dealing with life with no expectations 
5-avoid negative news on media https://t.co/do51jLSMyY",Neutral
"@izzykento I can’t imagine what it’s like to be stuck in your head like this. Want better mental health, quit making stuff up for your social media approvals.",Negative
"""Parents are rightfully concerned about social media’s impact on kids’ mental health and development""

Are we? As a parent of 3 who allow their children free access to the internet, we have seen no detrimental impacts (other than over use which is our responsibility) to our… https://t.co/obRfsOG2jA https://t.co/Mz3L5A0otV",Neutral
"Guys login out of Twitter and Social Media for a While, Need a rest and less anxiety (Hope you don't miss me) https://t.co/lhI7lwPLXR",Neutral
"Carrboro Mayor pro tem Danny Nowell emphasized the idea of strengthening connections within the community in a heartfelt letter he posted on social media after the election.

“We need stronger bonds in our day-to-day lives,"" Nowell also told Chapelboro.

https://t.co/elkiLSXs9u",Positive
"So the government is NOT banning Snapchat, arguably one of the most perverse social media platforms and very well known to parents for grooming children.

From what I can see the only data orientated around children's mental health comes from Instagram and predominantly centers… https://t.co/a6oruGCUeL https://t.co/cAtnypuouS",Negative
"@Titor2035 @KatsActs @wiley_inc @mboorstein Taking a break from social media can be really helpful for mental health. It's good to focus on real-life connections and activities. Try BePresent, a mobile app that helps reduce screen time and build a healthier relationship with your phone.",Positive
"Doubt I’ll move over to any social media alternative to be honest and just let whatever this is be a natural end. Spent too much of my 20s anxiety-riddled over socials, so feels like a lovely little natural ending to the saga 🧘‍♀️",Positive
@stillgray Why do people video themselves crying and then post it on social media? Is this some sort of mental health disease?,Negative
@Dittloff4Senate Reports of impact from social media on kids mental health is not clear. In fact the government figures on suicide rates do not show a significant change. Especially check out the 14 and under. https://t.co/x3Pwu6sBsg,Negative
stop sending me anons about yourself challenge 🤦🏻‍♀️ this is why i barely use social media anymore 🙃 the minute i post anything i have someone up my ass sending mean messages to me. can i just live out my weird girl existence in peace pls? my anxiety is bad enough without u.,Negative
"📱 New PSUS-C scale unlocks insights on smartphone addiction! Reveals ties to depression, loneliness, and social media use. A tool for deeper understanding. #SmartphoneAddiction #MentalHealth https://t.co/5M0Y5hPCEk",Positive
Does social media influence our mental health?,Negative
Sorry for my inactivity. The election made me spiral really bad and for my own mental health I had to cut off a lot of social media so I wouldn't doom spiral further and put myself in a mental hospital 😵‍💫 I'm a bit better now but will still be scarce.,Negative
@bbld0ll I have anxiety also but i find it easier to socialize on social media because of a common hobby and interest than I would in the real world! It’s called social media for a reason! and everyone is different but yall gotta least try especially if you tryna be a “content creator”,Positive
"@CoyoteColt @pantherianK9 I mean, it's 2024 and we have entire generations at this point that struggle with mental health issues due to mobile devices and social media so it's not exactly like mental illnesses isn't the new normal, sadly.",Negative
@clunn1989 I hope the police are getting to these sightings fast or looking around where they last were .their friends must read this on social media maybe one of them will talk sense into her 🙏 I can’t imagine your pain and anxiety right now .🙏💜,Neutral
@delashoney in that case she should take a prolonged mental health break from social media and do us all a favor 😇,Neutral
"@shellshockkk @TonyBrunoShow Yes seek Qualified Professional Mental Health Services IMMEDIATELY! 

Also GET OFF SOCIAL MEDIA!",Negative
@ruffydfire I think you have to go off social media for some time for your mental health Ruffy.,Negative
Taking a social media break today has done wonders for my mental health. Been far more productive in sorting some IRL things!,Positive
"@MatthewWielicki Under Communications act 2003, a person is guilty of an offence if the person is causing annoyance, inconvenience or needless anxiety to another, by means of a message on a public electronic communications network) and that person knows to be false.  
On social media platforms. https://t.co/XKhk7vLF4W",Negative
Not having social media apps and gmail on my phone the past few days has honestly been a game changer for my mental health.,Positive
"@natr66 @welchy3319 FYI, my wall is NOT for debates, ONLY share opinions and perspectives.  Am not on here to win points otherwise social media becomes so toxic

My SM policy is 24 hours and that's it.  It's a new day.  Never drag on longer than that.  It's not good for our mental health.

All best.",Negative
I'm officially gonna take a step back and go on a break from social media for a while. It's for my mental health because I haven't been doing well lately so I'll miss y'all but see you later https://t.co/JsecaYKht6,Negative
"BLUESKY SOCIAL MEDIA UNHINGED 1 - It seems many progressives, including the news anchors, are going to Bluesky, which is basically a clone of X from the previous owner of Twitter. This site is for their mental health because they can't accept the truth and don't have to debate. I… https://t.co/2yQ8tBDUz9 https://t.co/V5IrlNLWJJ",Negative
"i used to blame social media for my depression, but when i went without it, i realized it’s just me. might as well stay depressed with memes.",Negative
"BLUESKY SOCIAL MEDIA UNHINGED 1 - It seems many progressives, including the news anchors, are going to Bluesky, which is basically a clone of X from the previous owner of Twitter. This site is for their mental health because they can't accept the truth and don't have to debate. I… https://t.co/vvCd2Z1giO https://t.co/tfm1CEdRld",Negative
"@4stral4rchivist Those people are insane for thinking that how is it okay??😶
The person NEEDS to get off social media for their own good how can those people think it’s okay for a person to be on here knowing full well they have a poor mental health that’s just crazy!!",Negative
@MrsKelly2 @TheNFLanalyst @JewpacEsq That’s what I’m thinking based on her deliberate mention of the mental health issues being entirely due to a “social media campaign.” It’s utterly disgusting if they forced these kids into mental hospitals just to strengthen their lawsuit.,Negative
been trying to take more breaks from social media to help with my mental health :)) but hope everyone’s having a good day and happy 17th &lt;3 https://t.co/GFOXRdE3EN,Positive
"Deepika is incredibly brave for she decided to share her struggles to the world and raise awareness. I'm literally not her fan, I don't watch her movies neither I follow her on any social media. But people making fun of her depression are disgusting.",Negative
"Hello and good afternoon, my friends. I'm gonna take a bit of a hiatus from social media today. This has been a really hard week for my mental health and to be transparent I've been struggling a bit with my sobriety a little. 

Know that you're loved and valued. 💜🖤",Positive
@JeffVeillette Maybe you should worry about your morbid obesity rather than switching social media. Both are detrimental to mental health and it shows with your posts,Negative
"❗️short life update❗️
• cut back on streaming to focus on school while also staying off social media so in turn my anxiety has been steadily going away!🎉
• started working out 3x a week again which has totally helped my mental and physical health 💪🏼😈 
• been baking a lot for… https://t.co/NmSYWqgYSj",Positive
"If i was to move to another social media platform, It would then be 5 social media accounts I would then have to run &amp; personally that's bordering on my mental health &amp; my patience!",Negative
"@MrsKelly2 @TheNFLanalyst @JewpacEsq That’d be an awfully sick thing to do to kids that had already been through inpatient mental health treatment, purportedly due to social media, not losing their mom, dad, &amp; uncle. Then they get to be used in bogus lawsuits. How sad.",Negative
"Effects of excessive screen time and social media: ⌚📱💻
1. Lack of sleep: Excessive use of social media can lead to sleep deprivation, which affects mental and physical health. This can increase problems like stress, anxiety, and depression.
2. Addiction and mental imbalance:… https://t.co/JXIYud1emZ https://t.co/FdaLs3RZdK",Negative
@Malginholics Hope that he can quit unhealthy eating habits rather than blaming social media for his health. Morbid obesity affects mental health more than any social media can.,Negative
"Too much social media will make you depressed. It's bad for mental health.

The reason for that is because social media creates an expectation which can never be met.

Gaming on the other hand is just pure dopamine. Your expectations are met, you're having fun.",Negative
